author_id,document_id
57218202833,0
7004904337,0
7005513246,0
6508306234,1
9277159100,1
6507358470,1
53879700900,2
26642910500,2
57204031131,3
6602649851,3
56830076500,3
57204029674,3
57204032253,3
57217149830,4
57217149403,4
57217145377,4
57217146534,4
57217147399,4
57217147006,4
57210571665,4
55611356500,4
57218886193,5
57210260262,5
6701777223,5
8448666000,5
36149254500,6
57191155872,6
56681156600,6
35088650000,6
7201741468,6
7402786794,6
57191822951,7
56830076500,7
57188654880,7
57192247939,8
57218886193,8
6701777223,8
8448666000,8
57218593962,9
57218593446,9
57218591162,9
57201772566,9
16422844400,9
7102975249,9
57193338296,10
57194692502,10
57202017958,10
57205128747,10
55829396600,10
57201634652,11
57218685929,11
18535712500,11
56248593800,12
10640480600,12
24923036100,12
7201675107,12
36149254500,13
57191155872,13
56681156600,13
7201741468,13
35088650000,13
7402786794,13
56330168500,14
9942259800,14
57201257192,14
56260937200,14
57081918700,14
55487415500,14
7202083837,15
57210290270,15
57210288045,15
57210287166,15
57211254337,15
57210292389,15
57218761022,15
35147940600,15
57201912667,16
7202282831,16
57218107757,16
57198832579,16
57218097969,16
7003302831,16
16066928300,16
57213342768,17
56584019300,18
57217581937,18
57214937519,18
57217581770,18
55542008600,18
56714263700,18
8608718200,18
17341858700,19
42062742100,19
55802018400,19
36515506800,19
56735940800,19
57194874146,20
8935141300,20
57194231165,20
6601976036,20
35547089300,20
7004479819,20
55413647400,20
55739722900,20
7201970805,20
57217041570,21
57200117690,21
57207689986,21
57200699937,21
7202316035,21
7102975249,21
35209941000,21
57219312906,22
57215534774,22
35303536900,22
57216811262,23
8705255200,23
57218879246,24
57218883196,24
57218883472,24
57218875152,24
35209941000,24
36444802300,24
7402967162,25
56196521900,25
35597296700,25
55649569259,25
55849071700,26
57190404271,26
35562442700,26
7006542177,26
36668159600,26
57200206301,27
57190131647,27
35612908400,27
8208300700,27
57192643299,27
57215136260,28
56442655200,28
55827824100,28
57197773578,29
57204761536,29
7004300863,29
8421746800,29
57203660684,30
35562442700,30
57218095797,31
57218102993,31
57218105310,31
57197795830,31
14033673100,31
57205285411,32
57205288709,32
57205293533,32
6701746882,32
10141271600,32
7202277096,32
57214937519,33
6701720294,33
57211516485,33
57200077532,34
55613237293,34
35562442700,34
57208246750,35
57206834042,35
7003292762,35
19638969800,35
55301279200,35
57192247939,36
57218886193,36
6701777223,36
8448666000,36
7402258065,37
36987999600,38
7003868048,38
7202083837,38
57190402922,39
36668159600,39
7006542177,39
9535406000,40
56703308500,40
57216531463,40
23050937200,40
57199050938,41
57211158470,41
57195286623,41
35790633100,41
12142543700,41
8715877100,41
57209474608,42
12445208100,42
35868117400,42
57209473859,42
35867849600,42
8929123100,43
57215607275,43
57215609504,43
57200118993,43
57215613881,43
57215598228,43
57211987837,43
57209538650,43
7005636820,43
57202910818,44
55213245300,44
57211642778,44
57196372172,44
57208225620,44
57209824884,44
6701646284,45
57216751001,45
57216748895,45
36913263000,45
57217283178,45
57216749286,45
7005357023,45
57192943554,46
7004300863,46
8421746800,46
56709287700,47
7102975249,47
7003772744,48
57195970826,49
57203943386,49
57193834529,49
57203942414,49
7410190129,49
7007046711,49
7006111578,49
56371366400,50
57202818911,50
7102523474,50
7003927879,51
57217245563,51
57198519795,51
55100119300,51
57201257192,52
56330168500,52
9942259800,52
39861044100,52
36708895400,52
57210419894,53
14059209700,53
7406665619,53
7201793184,53
56692412900,54
57211105311,54
7202518970,54
12445742400,54
57218836048,55
57194504247,55
7202040335,55
14631026900,55
55159798000,55
54941111500,55
55258876800,55
7006038251,55
20735824800,55
55846910700,55
6602657620,55
14033765300,55
13005462200,55
55770396700,56
56735940800,56
8705255200,56
23099630500,56
57215680724,57
57205652801,57
57195427378,57
57215684781,57
57215687139,57
57215697686,57
56251876800,57
7202687601,57
7005636820,57
56514586700,57
57201634652,58
18535712500,58
57197765353,59
7004300863,59
8421746800,59
57188681207,60
36349287300,60
57189235340,61
55547123342,61
7003292762,61
25639041400,61
55967471000,61
57218221803,61
56709287700,62
56387524600,62
57202735625,62
16422844400,62
7102975249,62
7003381644,63
6701834327,63
57202445593,64
7004609408,64
8660143800,64
6506736843,64
6507359986,65
57214365851,65
57212088299,65
7003663333,65
6602889035,65
57216181629,66
36245410800,66
57191110417,66
56622088300,66
57195921912,66
57215904613,66
7402756644,66
57217317667,66
57195591421,66
57217789464,66
57216183270,66
57207901363,66
34873697600,66
56767836200,66
7102900497,66
57196422740,67
7403518015,67
36852156000,67
16245238300,67
57202776341,68
57212879455,68
57212877661,68
57212877401,68
35262249500,68
7102405529,68
7007046711,68
57212107391,69
57216754583,69
57200117690,69
35209941000,69
8342785400,69
57190228554,70
7102879142,70
57211891331,71
57199244740,71
7406665619,71
57204433875,71
7406665619,72
57215212754,72
57215211789,72
57214076898,73
57198146081,73
7006441571,73
12142543700,73
57191873151,74
57216430816,74
7003772744,74
55971908500,75
54415193700,75
56489679500,75
55522618700,75
55864283000,75
57211516485,75
57209110872,76
57206455220,76
7103248108,76
57191108291,77
57212383793,77
57212379321,77
57202904399,77
7403279876,77
57207901363,77
6507391043,77
57196261400,78
57214229367,78
7003381644,78
57214855898,79
57215031057,79
8608718200,79
6701610428,79
7410190129,79
7403218372,79
57200515115,80
57194698845,80
12142543700,80
8705255200,80
35409277700,80
57193749678,81
55457444300,81
6701863708,81
57201666213,82
55694540600,82
7004479819,82
7003545107,82
13406135400,82
57190228554,83
7102879142,83
57203017789,84
35147940600,84
6701609778,84
36987999600,85
7003868048,85
7202083837,85
56692412900,86
57211105311,86
7202518970,86
12445742400,86
7005052477,87
8750608700,87
57214071214,87
57193518829,88
12142543700,88
8705255200,88
7006583274,88
55359526600,88
56911636200,88
55272011900,88
57203486012,88
57202293242,89
57203024588,89
57160053200,89
36006215900,89
55944615300,89
57191995369,90
7003381644,90
57195515828,91
57211443769,91
57211435896,91
7005408810,91
56685601500,92
16549438300,92
56685789300,92
57212757453,92
57212871890,92
57215487696,92
16548815300,92
7202875039,92
6701383359,92
57191570988,93
57201357657,93
6602649851,93
57214937519,94
57210289242,94
57192710054,94
6701720294,94
57211516485,94
57219015425,95
55813139600,95
57203836305,95
57219009389,95
57219005376,95
57219006078,95
12142543700,95
57218481091,96
57217024741,96
57218482479,96
34873482400,97
6507317548,98
54781821400,99
57215052018,99
57215058041,99
7102975249,99
56957771800,100
57189235340,100
57204469757,100
7003292762,100
57188691775,101
57188173800,101
36349287300,101
57202579348,102
57214718289,102
56830076500,102
57193706327,103
57193715705,103
7202282831,103
7003302831,103
16066928300,103
57188833818,104
57209881955,104
6701720294,104
57212345817,104
57218689472,105
57218687826,105
57218685971,105
7006533953,105
57211516485,105
57188833818,106
57209881955,106
57209889565,106
6701720294,106
56045493000,106
57217866402,107
8244752200,107
55727966500,107
57217871738,107
57218270296,108
57218269408,108
6507317548,108
56215007300,109
50162863000,109
55422614200,109
6603288835,109
13405030000,109
55904183100,109
55279219900,109
57211205845,109
38662818500,109
57203219105,109
14059027500,109
6505524737,109
20735824800,109
7103004161,109
56830076500,110
57202612841,110
10640480600,110
36499438800,110
55860312700,110
57201618074,111
6506325894,111
8608764300,111
7003772744,111
56957771800,112
57189235340,112
57204470823,112
57204469757,112
7003292762,112
57204469757,113
7003292762,113
57211518929,114
56036628100,114
16033650300,114
57195804520,115
24483038000,115
6701720294,115
57211516485,115
57189375802,116
57212455523,116
6603286802,116
57023931200,116
24830555500,116
6602776615,116
9277159100,116
56857577200,117
10141271600,117
16643231700,117
55359090100,117
8244752200,118
57217872286,118
57217867341,118
36893877000,118
57189218211,119
48361087900,119
7003381644,119
7005241866,120
7006815587,120
36154754400,120
57190402922,121
36668159600,121
7006542177,121
57193226888,122
57216966389,122
57208015963,122
57193230951,122
56584993700,122
55367023500,122
7403329173,122
57204964732,123
12544690900,123
7003292762,123
54978625300,123
57201759181,124
57211516485,124
16548784600,124
8922674200,124
55764938300,125
6701550039,125
6506328689,125
57201947722,126
57209567638,126
57209581042,126
55845968200,126
14831622300,126
12646372900,126
55788214400,126
57219330558,127
57219332168,127
57219327922,127
14831622300,127
55220932600,127
55788214400,127
56263319900,128
55436436900,128
57218480110,128
7004688501,128
35209941000,128
7601550121,128
57201735120,129
57216287696,129
57216287324,129
6506462706,129
8357777200,129
7004945584,129
16033650300,130
9741060000,130
12143690400,130
57208015244,130
57052262900,130
57204944822,130
7102369425,130
6603460787,130
6603089864,130
12761902000,130
56036628100,130
9279493200,130
57194034271,131
53866135200,131
55315026400,131
57216076371,131
56818839700,131
23570183200,131
57215823167,131
57216048774,131
7202049689,132
57207774891,132
57213342768,132
7006410098,132
56206655300,133
55368982000,133
56078804700,133
57216040137,133
7102391180,133
7402406630,133
7004398165,133
6701655006,133
35103143500,133
57216037206,133
7801550098,133
14832404400,133
55559344500,134
6701910642,134
56221719300,135
57210161259,135
57203181568,135
57212304730,135
55458271500,135
56266132600,135
57210289242,136
6701720294,136
57211516485,136
57209399454,137
6602649851,137
6701863708,137
9245406100,137
57194053456,138
56968013300,138
6701746882,138
6701723921,138
57202910211,139
57196421757,139
24402340500,139
55645613600,140
55546296200,140
55813139600,140
6603579157,140
28167695400,140
12142543700,140
57212950333,140
55945437600,141
7004277402,141
55911870000,141
9942259800,141
57215811083,142
17434035200,142
24726409500,142
35147940600,142
57191862517,143
23091904000,143
57208341600,143
53878508900,143
56363360200,143
56148594700,143
6602577617,143
36176552000,143
57207901363,143
57189244450,144
57211332837,144
8231832400,144
57192300416,144
6701454416,144
56196521900,145
35597296700,145
57202064143,146
57204597171,146
57192662939,146
57210982957,146
57204035623,146
57196952707,146
57196950804,146
57213874106,146
7402658393,146
56584019300,147
56714263700,147
8608718200,147
56680952700,148
7003498769,148
7202083837,148
57211891331,149
57199244740,149
7406665619,149
55588035200,150
6601908155,150
56102505100,151
57191620725,151
56819566000,151
8448666000,151
16178649400,151
35729129900,152
53866006800,152
56126031600,152
36538565900,152
57210585829,152
57203978933,153
57212415946,153
7403218372,153
6701720294,153
7005408810,153
57211516485,153
57205129154,154
7402370024,154
57203310052,154
18535712500,154
57193627694,155
7005513246,155
7004904337,155
35175200200,156
7005513246,156
6602198438,157
55948963100,157
7005411524,157
36459611200,158
7402074463,158
34868168700,158
7202083837,159
57126129700,159
36987999600,159
7003868048,159
57192247939,160
57218886153,160
6701777223,160
8448666000,160
57205617484,161
57215432728,161
8448666000,161
6701777223,161
57218886193,161
56677251600,162
57208598187,162
57211516485,162
7004307869,162
57205257595,162
55315026400,163
36503632200,163
16481299700,163
56331558100,163
47962305800,163
7101640734,163
55916448500,163
57200363612,164
57212151348,164
57212147414,164
57212136375,164
7403218372,164
57200529047,165
56112492400,165
57215653879,165
7003772744,165
18937960700,165
57216187696,165
57202818911,166
7102523474,166
25627506700,166
57210477807,166
7005345401,166
7005976828,166
57202910818,167
55213245300,167
57192067288,167
57208225620,167
57196372172,167
57211642778,167
57202855772,167
57209824884,167
57202910818,168
55213245300,168
57208225620,168
57196372172,168
57211642778,168
57209824884,168
57193749678,169
55457444300,169
6701863708,169
35729129900,170
7406665619,170
57212089454,171
57202116348,171
56709476900,171
7102975249,171
16422844400,171
56709476900,172
57205025235,172
57202256915,172
57193755486,172
7005408810,172
7006111578,172
57002749600,172
7102975249,172
16422844400,172
56709287700,173
57202735625,173
56387524600,173
16422844400,173
7102975249,173
57208584595,174
7005513246,174
35546747200,174
57003496300,175
57212110613,175
57212107391,175
57200117690,175
7004688501,175
57216244800,175
7409253428,175
35209941000,175
6508306234,176
9277159100,176
57003496300,177
57212110613,177
57212107391,177
57200117690,177
7004688501,177
7404504014,177
7409253428,177
35209941000,177
57144864700,178
57194205673,178
35078644900,178
7406665619,178
57204475222,178
8208317300,178
35729129900,179
55797091700,179
57210585829,179
57204783601,179
57192945685,180
56939117000,180
56585491000,180
16308483700,180
57200214703,180
35311157900,180
55972769000,180
36483856300,180
57194027885,181
55345299700,181
56110251000,181
7003545107,181
57191873151,182
7003772744,182
57208682307,183
14033673100,183
14059209700,184
57201589125,184
7406665619,184
57210419894,184
7201793184,184
16481299700,185
55315026400,185
7101640734,185
35147940600,186
24779209500,186
17434035200,186
24726409500,186
56012631600,187
56487893500,187
7402648240,187
18535712500,187
57200884469,187
57203221999,187
57191155872,188
6603570606,188
57203028829,188
7402786794,188
35088650000,188
7402258065,189
56824897200,190
35562442700,190
57210916608,191
7006542177,191
57210911049,192
57207008616,192
56248593800,192
35562442700,192
56315330500,193
16178649400,193
55858031100,194
7004300863,194
57189235340,195
7003292762,195
57211493546,196
7003292762,196
57205881788,197
57214032187,197
57208524360,198
26634229600,198
7005934389,199
57208823236,199
57190605478,199
12142543700,199
35508257500,200
8321530600,200
7005709969,200
57208255032,201
56677251600,201
15848771600,201
7006533953,201
57211516485,201
57199980412,202
6701863708,202
55457444300,202
55475654800,202
43961414900,203
57209474608,204
35867849600,204
12445208100,204
35868117400,204
9041055700,204
57191156976,205
57209978209,205
8929123100,205
57118455800,206
7401431037,206
24401574900,206
57201432287,207
7003498548,207
57207334294,208
12142543700,208
7006583274,208
8705255200,208
26641352100,209
23569552400,209
36769181100,209
56976354400,210
57209659294,210
57209655847,210
57204570329,210
55315026400,210
9277159100,210
57200077532,211
57210191104,211
57214009254,211
9277159100,211
55315026400,211
57217482839,212
14033673100,212
57209640119,213
57190402922,213
7006542177,213
57210919648,214
56248593800,214
57210912098,215
57206968876,215
56824897200,215
57210911049,215
7006542177,215
57210916608,216
7006542177,216
57204433875,217
7406665619,217
57205198823,218
35508257500,218
35508257500,219
57210927548,220
57210928665,220
6602572190,220
6601908155,220
57210914089,221
57203981655,221
57210920448,221
56248593800,221
57202433366,222
57205881788,222
56724258600,223
7801676127,223
57194391871,224
57189491950,224
57205348362,224
9277159100,224
51461952600,224
6701777223,225
8448666000,225
57218886193,225
57191873151,226
57216491948,226
57216430816,226
7003772744,226
57191587072,227
57207334294,227
12142543700,227
24295291100,227
23052031200,227
7004495126,227
12778890800,227
16481299700,228
57194703295,228
57144565100,228
56331558100,228
57189458176,228
7101640734,228
55315026400,228
24080990600,228
57200529047,229
56323465700,229
56112492400,229
57209274795,229
7102483892,229
7003772744,229
57200208018,230
36701008900,230
7201687754,230
7202401225,230
12805837100,230
56257805000,230
7005067917,230
7202417224,230
55927295500,230
6508257901,230
55931847400,230
7004092560,230
56955794500,230
55778257800,230
6701664914,230
24504209800,230
55247112800,230
57207841000,230
12780700500,230
7006236094,230
16303239800,230
55315191100,230
57194063754,230
6701501207,230
24072733200,230
55813139600,230
57192140261,230
57207843958,230
57207841443,230
57207846799,230
56473665600,230
23977815400,230
56308354900,230
36859700200,230
26221155700,230
24385613600,230
15081415200,230
7408416878,230
11042527300,230
56185388600,230
57207844500,230
57189577432,230
6602943081,230
57207842677,230
39062078800,230
7101608513,230
6602499334,230
57202152216,230
57213372150,230
8555191500,230
57195579636,230
57207842193,230
57203836326,230
55639502500,230
6602168494,230
57209284973,231
56221901100,231
6507753128,231
56266132600,231
6504734319,231
57210287166,232
57210290270,232
57210288045,232
57210292389,232
7202083837,232
35147940600,232
57204433875,233
7406665619,233
24759275600,234
57207312334,234
56387524600,235
56709476900,235
56709364700,235
16422844400,235
7102975249,235
57192981384,236
57190258899,236
24333330300,236
57189382200,236
57203250533,236
57203957449,237
14059209700,237
7406665619,237
55367023500,237
57201759181,238
16548784600,238
57188833818,238
55247719300,239
56709476900,239
56871132500,239
7402407628,239
7102975249,239
16422844400,239
57210286057,240
57210287346,240
17434035200,240
24726409500,240
35147940600,240
57210288854,241
57214559823,241
17434035200,241
24726409500,241
35147940600,241
6602749964,242
57205512220,242
7102985794,242
9739395200,242
57202736299,242
57205515588,242
57205514839,242
8705255200,243
57194392244,244
7006214218,244
57194503011,244
9845705900,244
7004929818,244
57194379165,244
57207901363,244
6603325558,244
57191586637,245
57208184650,245
57189294915,245
6602572190,245
6701755273,245
55200909800,245
7004234161,245
56330970800,246
57188833818,246
57190247942,246
57197791798,246
6701720294,246
57211516485,246
55588035200,247
57191995887,247
57203240784,247
57193574682,247
57208784903,247
56417117600,247
57203245208,247
57208771517,247
35621274900,247
55681652500,247
7003445799,247
6601908155,247
55855376400,248
56830076500,248
7202083837,249
57126390100,249
57214523209,250
57205509268,250
57208845618,250
57205502574,250
57205849200,250
57205504743,250
57207222602,250
57205501457,250
57205504946,250
57205502490,250
7004339080,250
57200375892,251
7003772744,251
24295291100,252
7401431037,252
57193720916,252
57118455800,252
6701421652,252
57205270902,252
57209887692,253
17434035200,253
24726409500,253
35147940600,253
57206968876,254
36668159600,254
57205763350,254
57190404271,254
7006542177,254
7004435321,255
56781290700,255
36055605700,255
16041305200,255
57215322624,256
57202818911,256
7102523474,256
57203310052,257
57204552603,257
57204551844,257
57204547933,257
24295291100,257
57195217444,257
7003302831,258
57193706327,258
7202282831,258
16066928300,258
57200690449,259
35597296700,259
57208717150,260
55457444300,260
57204091960,261
7401431037,261
56353116200,262
57197765353,262
7004300863,262
6603717022,262
56584019300,263
55542008600,263
56714263700,263
8608718200,263
57210923446,264
55652695700,264
57205329719,264
57199801999,264
57193242858,264
7005512824,264
57205263313,265
56036628100,265
36953700600,265
16033650300,265
23970286000,266
57194276793,266
57208827685,266
7401703652,266
57202228997,266
7006111578,266
54415129200,266
7005373645,266
57189235340,267
7003292762,267
57202047395,268
57193927413,268
54978625300,268
26029526200,268
7006799143,268
57203922639,269
57196487336,269
16199522200,269
57188681207,270
56985459400,270
57195343816,270
57188173800,270
57201722090,270
36349287300,270
56237421600,271
6701863708,271
55457444300,271
8608718200,271
55912340300,272
57201864184,272
34874297000,272
10639679200,272
16178649400,272
56854811600,273
55141781300,273
57190384916,274
7005253700,274
7004060735,274
9942259800,274
55413434100,275
55827824100,275
48361087900,276
57189218211,276
7003381644,276
57197733358,277
57200390842,277
57003496300,277
8342785400,277
35209941000,277
8392459500,278
57200730892,278
53984647600,278
56806547100,278
57201199846,278
57191862517,278
57201509548,278
7006051256,278
6505878659,278
8298784700,278
35747244700,278
57193565771,279
16178649400,279
56315330500,280
16177635300,280
16178649400,280
57207108623,281
57200290256,281
57207112163,281
7102270639,281
57205388766,282
57205393448,282
16313800700,282
57208598187,283
6701720294,283
15848771600,283
57211516485,283
8448666000,284
57205617484,284
55638504300,284
6701777223,284
57218886153,284
7004300863,285
7102879142,285
56798055200,286
57192697616,286
8621794000,286
9277159100,286
57215306633,287
8621794000,287
57201367093,288
6602649851,288
57189445479,289
7005636820,289
55812232700,289
57192697616,290
8621794000,290
57192955909,291
56830076500,291
57209640119,291
55161739600,292
57211281996,292
57211282830,292
57204903122,293
57187178400,293
55161739600,293
57211282935,294
55161739600,294
57216747100,295
57216739000,295
16313800700,295
7005357023,296
57216751001,296
57216748895,296
36913263000,296
57217283178,296
57216749286,296
6701646284,296
57197765353,297
7004300863,297
7004904337,298
57212553003,298
7202518970,299
57200205435,299
57203245208,300
57203241931,300
57210927548,300
57212168814,300
57212172095,300
6601908155,300
57205292526,301
57211987837,301
6701646284,301
16313800700,301
57195066838,302
7005513246,302
35621274900,303
55681652500,303
56417117600,303
57212106357,303
57212103171,303
57193574682,303
6601908155,303
7003445799,303
57211214561,304
8244752200,304
57211216470,304
55727966500,304
35621274900,305
55681652500,305
56417117600,305
57212107036,305
57212104751,305
57212106857,305
57212103171,305
57212104028,305
6601908155,305
7003445799,305
55681652500,306
7003445799,306
57204799155,307
57204803477,307
57204802622,307
14033673100,307
57219001134,308
57218994430,308
57218994299,308
7202083837,308
57210292389,309
57210287166,309
7202083837,309
35147940600,309
57205617484,310
57218995344,310
7202083837,311
57219001134,311
36677010800,311
57204692730,312
7202083837,312
55813139600,313
56747516900,313
56071519600,314
6701720294,314
57211516485,314
7006441571,314
57212342916,315
6701720294,315
7006441571,315
57211516485,315
57212351695,316
57212342217,316
6701720294,316
57211516485,316
57212343330,317
7004300863,317
35262249500,317
57208598187,318
57210289242,318
6701720294,318
57211516485,318
57192710054,319
57188833818,319
6701720294,319
57212351059,320
7004300863,320
6701720294,320
57212341630,321
57208598187,321
57192710054,321
6701720294,321
57211516485,321
57212277900,322
57188667076,322
7403218372,322
57200534297,323
7004300863,323
57214773567,323
8421746800,323
57212136375,324
7403218372,324
57192943554,325
57212271263,325
35409277700,325
7004300863,325
57190228554,326
7102879142,326
57111140800,327
56798055200,327
8621794000,327
9277159100,327
57197737083,328
57205761514,328
57205766759,328
57205762398,328
56830076500,328
7004511126,329
57200687939,329
57200688910,329
7202518970,329
57031187500,330
7006111578,330
7005636820,330
57089497400,331
57209912956,331
57209911428,331
57211503118,331
57211500187,331
7006120837,331
7004234161,331
7005636820,332
57031187500,332
57209538650,332
57209530205,332
7006111578,332
57215116223,333
57191952713,333
57188658434,333
8621794000,333
36682113800,333
57188658434,334
56245452300,334
35310092900,334
8621794000,334
57214589312,335
57215007775,335
55812232700,335
7006120837,335
36126203400,335
7102843798,335
57214451592,336
6603114735,336
8641604600,336
7003772744,336
57201357657,337
57191570988,337
6602649851,337
23027991800,337
7103035939,338
57212228353,338
7404957607,338
9277159100,338
57203578595,339
57203572508,339
36055605700,339
7004435321,339
55849943100,340
6701863708,340
6602649851,340
9245406100,340
35338971800,341
35562442700,341
57207260622,342
24336460200,342
8660143800,342
57195960835,343
57203300120,343
13607032600,343
55681652500,344
57209399640,344
57212167791,344
35621274900,344
7003445799,344
57209394752,344
6601908155,344
57211217749,345
8244752200,345
55727966500,345
57203661821,346
46961076700,346
7801515665,346
35562442700,346
56387524600,347
56709476900,347
56709364700,347
16422844400,347
7102975249,347
55588035200,348
57191995887,348
57208784903,348
7003445799,348
6601908155,348
7003663333,349
57208012133,349
57208012227,349
55698505100,350
56709287700,350
57203308821,350
55326143600,350
7102975249,350
16422844400,350
55588035200,351
56417117600,351
7003445799,351
6601908155,351
55588035200,352
57208784903,352
55681652500,352
7003445799,352
6601908155,352
57212351859,353
7404766197,353
7102879142,353
7004300863,353
57212271159,354
57205765859,354
7004300863,354
7102879142,354
7404766197,354
7201511283,355
6602191934,355
57193878725,355
57189375802,356
57210949030,356
7404901361,356
9277159100,356
57210375461,357
57200688910,357
55861508600,357
56484754900,357
7004300863,358
57197773578,358
6506942267,358
6602562656,358
57202116348,359
57202112010,359
57202120923,359
16422844400,359
7102975249,359
57193360481,360
57205763350,360
57205765859,360
57205767010,360
56830076500,360
57205762391,360
55315026400,361
35435170000,361
55665473200,361
57204677450,361
57204677555,361
56957771800,362
57189235340,362
57204472177,362
57204470823,362
57204469757,362
7003292762,362
56530707600,363
6701610428,363
54790496100,363
7410190129,363
26427694400,364
57190256209,364
57191107247,364
16313800700,364
55664291100,364
7202317282,365
57192070840,365
57209824884,365
57201700890,366
57195574701,366
57207901363,366
53878508900,366
57188833818,367
57209889565,367
57209881955,367
6701720294,367
56045493000,367
57215333932,368
34868658300,368
57215305002,368
7410171017,368
57215336161,368
57201360985,369
57212351343,369
35562442700,369
36349287300,369
6506328689,370
57194859276,370
10141271600,370
15766049500,370
55359090100,370
7202538835,370
15044701600,370
36055605700,371
57203579114,371
57203573476,371
57203570620,371
7004435321,371
7006120837,372
57216989927,372
57211502145,372
6507803480,372
57194859276,373
10141271600,373
15766049500,373
56857577200,373
55359090100,373
7202538835,373
15044701600,373
56857577200,374
10141271600,374
16643231700,374
55359090100,374
24330327900,375
55634592700,375
36713489900,375
35725132100,375
36986090000,375
57193722976,376
7005521036,376
7004435321,376
55557218000,377
7102443026,377
7403558004,377
55247719300,378
56709476900,378
56871132500,378
7402407628,378
7102975249,378
16422844400,378
6701777223,379
8448666000,379
57218886193,379
56790117900,380
57211516485,380
15848771600,381
57212415946,381
57212345817,381
6701720294,381
57211516485,381
57193911152,382
55780846900,382
57203303999,382
57217139231,382
14064679200,382
7405891981,382
57201739935,382
6508339625,382
57213262958,382
6506674242,382
56677251600,383
57191362366,383
6701720294,383
15848771600,383
57211516485,383
57194018623,384
57205236255,384
57194101278,384
35392647700,384
7003545107,384
57204968964,385
57204964732,385
7003292762,385
12544690900,385
54978625300,385
57208246750,386
57206834042,386
57205645397,386
7003292762,386
55353164900,386
7101816954,386
19638969800,386
57200529047,387
57200527971,387
11440678000,387
7003772744,387
57192070840,388
24337245000,388
56023819400,388
10639240900,388
11043349200,388
57209824884,388
7202317282,388
54782837300,389
8048702500,389
7004435321,389
57207228809,389
7005521036,389
13411176900,390
8922674200,390
57211516485,390
57205595555,391
9336961600,391
16425686200,391
57217471535,391
56577741600,392
55807316700,392
55457444300,392
7102317656,392
57200514682,392
7003388995,392
57188833818,393
16229559200,393
57194703295,394
57207993531,394
56560118600,394
55315026400,394
7101640734,394
57214608701,395
16425686200,395
55598006500,395
23668489900,395
15848894300,395
57209871741,395
18535712500,396
7402648240,396
35380198000,396
57200884469,396
57200723881,396
7401952672,397
35556946600,397
7004590414,397
43261827400,397
35508257500,397
55428435400,397
7004611313,397
6602191934,398
7201511283,398
57193878725,398
7004507225,398
57193878725,399
57193568214,399
6506341914,399
7005053199,399
55671352500,399
22952048100,399
6602191934,399
7201511283,399
6506341914,400
57193878725,400
57193568214,400
7005053199,400
22952048100,400
55671352500,400
6602191934,400
7201511283,400
6507447149,401
23012428800,401
56642521500,401
24780432200,401
55233755100,401
9277159100,401
7801636116,401
7101973402,401
35368447500,401
7801530241,401
56689651300,401
7005786977,401
7801609389,401
55922401500,401
57191525048,402
41262329300,402
57203758421,402
57203801188,402
57203805526,402
57202763603,402
56116155300,402
57203801050,402
57199854443,402
56979909000,402
8448666000,403
57205617484,403
6701777223,403
57218886193,403
57205645397,404
57205650285,404
7003292762,404
56698926600,405
55627591500,405
57205652485,405
56957771800,405
57204469757,405
57205645397,405
7003292762,405
57193683516,405
57192247939,406
57218886153,406
6701777223,406
8448666000,406
56709476900,407
55247719300,407
55326143600,407
56871132500,407
7402407628,407
7102975249,407
16422844400,407
57202192401,408
55727966500,408
8244752200,408
6602572190,408
56330970800,409
57191362366,409
57203191415,409
57211516485,409
57193749678,410
57203142381,410
55457444300,410
6701863708,410
57204916397,411
57204916190,411
57204910117,411
57198809206,411
57204925116,411
57204911023,411
56514586700,411
57192710054,412
55303499100,412
56577817900,412
57189623841,412
7003678761,412
6602997992,412
7202539045,412
15848771600,412
57211516485,412
6701720294,412
8922674200,413
57211516485,413
7202083837,414
55710750200,414
6508087756,414
57207110219,414
57214580514,414
57204110218,415
26642910500,415
56549581200,415
55259726700,416
55256673100,416
57202609763,416
6508265156,416
56433927200,416
7404022739,417
8705255200,417
7003352704,417
7102280128,417
36154754400,418
34976725300,418
6602423274,418
57198044407,419
7201970805,419
55736791400,419
7601492574,419
7004479819,419
57203572325,419
57201742316,420
57193360481,420
56830076500,420
57200687939,421
57200688910,421
7202518970,421
7004511126,421
56463982900,422
55764401200,422
55457444300,422
6701863708,422
6602549459,423
6602123531,423
57191156976,424
57193089338,424
8929123100,424
57201086222,425
26634282400,425
26634229600,425
57204595191,426
57204607180,426
56226072000,426
7003631423,426
57204596520,426
7103236401,426
7004234161,426
57195264521,427
57204829124,427
35239803700,427
37086141200,427
8329346700,427
55369699900,428
7003772744,428
57204830739,429
57204825465,429
54978625300,429
7006372151,429
57203181568,430
57203192064,430
57203188827,430
55458271500,430
56266132600,430
55619678900,431
9277159100,431
51461952600,431
26634229600,432
57202852104,432
57202852946,432
57202860730,432
56701619800,433
8369472600,433
57193322440,433
56376235200,433
57202237979,433
56702333100,433
7401994123,433
35336731800,433
8608718200,433
23388379100,433
57204695840,434
35147940600,434
57204692730,435
35147940600,435
56680952700,435
57204695450,435
7202083837,435
56490084100,436
57204693186,436
57188711588,437
57200118672,437
57164754700,437
57200117120,437
57200118993,437
57200121629,437
16313800700,437
55523036500,438
56287595000,438
7410171017,438
56221901100,439
56426567600,439
57200181918,439
56266132600,439
57191108291,440
57202904399,440
16197655400,440
57207901363,440
56703039000,441
39362193900,441
57197749025,441
57201022887,441
57217564448,441
57208823236,442
57213462935,442
57205507684,442
57205503531,442
57194047397,442
57205500882,442
57205505883,442
57212277009,442
35587077000,442
57201759181,443
57211516485,443
16548784600,443
57190849274,443
55235047300,444
56515354700,444
57194105863,444
56921113900,444
57044630300,444
7005654753,444
56701050600,444
56266132600,444
56514586700,444
57203184524,445
57201465968,445
24295291100,445
12142543700,445
8705255200,445
56248395300,445
57203180153,445
7005486887,445
56790117900,446
57211516485,446
34874038200,447
56584019300,448
57201366662,448
57201358872,448
56714263700,448
8608718200,448
7202006620,449
57194692502,449
57194679331,449
57194686620,449
35791260000,449
13406135400,449
57198333909,450
56666222000,450
7103392045,450
56009607700,451
57200525944,451
57214792802,451
57216486642,452
57203661089,452
57203661821,452
35562442700,452
57203981655,453
56248593800,453
57203978933,454
57203982016,454
57203992542,454
7403218372,454
6701720294,454
57211516485,454
57191362366,455
57192710054,455
57203980122,455
57203980107,455
12142543700,455
6701720294,455
57211516485,455
57188833818,456
6701720294,456
57211516485,456
56677251600,457
15848771600,457
6701720294,457
57211516485,457
57204553875,458
57204546854,458
57204555914,458
56371366400,458
57202818911,458
57204555396,458
6507235629,458
7102523474,458
56709364700,459
56387524600,459
56709476900,459
57195398251,459
57201484423,459
57194155925,459
16422844400,459
7102975249,459
57203661089,460
35562442700,460
57203661821,461
35562442700,461
57201864184,462
35792700800,462
57203660684,463
39062086200,463
35562442700,463
55658283500,464
35303536900,464
57203575128,465
35303536900,465
57190404271,466
55849071700,466
57206968876,466
7006542177,466
35562442700,466
8660143800,467
56897186700,467
57197726868,467
56261172000,467
7004609408,467
24336460200,467
57202445593,467
6506736843,467
56677251600,468
7004307869,468
57203731804,469
35147940600,469
57203372448,470
35147940600,470
17434035200,470
24726409500,470
57203247682,471
57203241931,471
57203245208,471
57203240784,471
55588035200,471
6601908155,471
6602191934,472
7201511283,472
57193878725,472
57202927332,473
7202608915,473
57202921889,473
7801604567,473
54581173100,474
57202810627,474
18042644100,474
55943223600,474
57204434337,475
7005636820,475
35209941000,475
55649569259,476
7402967162,476
35597296700,476
56556056000,477
26642910500,477
57196465311,477
56740595400,478
56662711400,478
56741048000,478
56149906900,478
6603615600,478
57201759181,479
16548784600,479
57211516485,479
57189843306,479
56078900600,480
15081035500,480
7402814790,480
7101806481,480
15318992700,480
6601908712,480
8077103900,480
6602183163,480
7004295901,480
7004640341,480
35772366400,480
8390181000,480
23004910700,480
7003793778,480
8578022500,480
9241584700,480
15842178900,480
10939408000,480
54789941300,480
7006650428,480
7006817766,480
25937446600,480
55895275900,480
16043716000,480
12647140500,480
7402364894,480
7004387103,480
8891726500,480
57192430052,480
7401892754,480
23020214400,480
6603882082,480
7402396019,480
57031532300,481
57031187500,481
7006111578,481
7005636820,481
57203305966,482
6701755273,482
34874038200,483
55171433700,483
57211516485,484
6701720294,484
57193603847,484
57187178400,484
57203309361,484
7201741468,485
7102975249,485
57203310052,486
35262249500,487
57193603847,487
35191151900,487
26427435500,488
57203301406,488
36602439100,488
7201741468,489
7006372151,489
57195960835,490
23096760600,490
57203300120,490
57203306132,490
57190808464,490
13607032600,490
57203300120,491
26427435500,491
6507028828,491
13607032600,491
36602439100,491
23569552400,492
36769181100,492
26641352100,492
6701460244,493
6602928070,493
23479472600,493
6701755273,493
7404006200,494
12142543700,494
57202800731,494
14833931300,495
8705255200,495
56677251600,495
36667397700,495
12142543700,495
57201257192,496
39861044100,496
9942259800,496
36708895400,496
57190402922,497
36668159600,497
7006542177,497
57200118442,498
57200117690,498
57202289360,498
57118455800,499
7401431037,499
56237421600,500
6701863708,500
55457444300,500
8608718200,500
36459611200,501
7402074463,501
34868168700,501
56709364700,502
56387524600,502
57201484423,502
57194155925,502
57195398251,502
16422844400,502
7102975249,502
8922674200,503
6701720294,503
57211516485,503
56781290700,504
36055605700,504
7004435321,504
16041305200,504
57202322450,505
7006441571,505
14059209700,505
57202323019,505
56795914000,505
57202321033,505
57202319101,505
12142543700,505
23003484200,506
18535712500,506
26321508500,506
7003587356,506
16313800700,507
56457856600,507
16315369500,507
6507336034,507
56532087700,507
57202602903,508
57202612841,508
57202612703,508
56830076500,508
36843900000,509
8397084400,509
6602089995,509
6603684079,509
15521088300,509
56585583100,509
55449746800,509
57190247414,509
7005085503,509
35228854600,509
6505936159,509
23487261200,509
7005412154,509
55946643000,509
6603354235,509
57192063650,509
8602381900,509
55249658600,509
57207782220,509
23987692400,509
24323203800,509
7403220237,509
7103286989,509
12445208100,510
55708105800,510
56164575400,510
35236338800,510
56681156600,511
55212512700,511
56680505500,511
57203028829,511
35323710800,512
57202045558,512
56165315000,512
7003387464,512
7007046711,512
26039464700,512
56747755300,512
7005612595,512
6701610428,512
7410190129,512
57188654880,513
56830076500,513
57191822951,513
57200534297,514
7401431037,514
7102879142,514
56330168500,515
9942259800,515
39861044100,515
36708895400,515
55487415500,515
56386056100,515
56755464700,516
7005523706,516
57031532600,516
57200497294,516
57190794386,517
57201980753,517
57190797086,517
57201983321,517
7006441571,517
24333330300,517
12142543700,517
57201666213,518
56181255300,518
7004479819,518
13406135400,518
24177939700,519
6507412888,519
57204229694,519
55652903800,519
57201722090,520
57201724099,520
24465525600,520
36349287300,520
57191822951,521
56830076500,521
57188654880,521
57202116348,522
57202112010,522
57202120923,522
56709287700,522
57203246058,522
7102975249,522
7003302831,523
7202282831,523
16066928300,523
15848771600,524
57211516485,524
57197765353,525
7004300863,525
35994294500,525
24758929200,525
57201645135,526
57201646242,526
57200335858,526
57217508772,526
57201650328,526
7102837693,526
55736845400,527
57139150400,527
8244752200,527
7402422734,527
6701777223,528
8448666000,528
57218886189,528
7102443026,529
57203179434,529
55557218000,529
57213087387,529
7403558004,529
35303536900,530
57202320825,530
57207470751,531
35303536900,531
35409277700,532
7005098852,532
56896919700,533
57190371042,533
7202035366,533
7102857304,533
35546747200,534
23003275100,534
7005513246,534
6604032598,535
9733496700,535
6602866368,535
26640997500,535
57203180948,535
57203180667,535
25522430900,535
56244956300,535
57203192812,535
57203180452,535
57203185550,535
57031187500,536
7006111578,536
7005636820,536
56221901100,537
57200686665,537
57200685059,537
56425409300,537
6603410853,537
56266132600,537
56040243400,538
54978625300,538
7006799143,538
56009607700,539
57200525944,539
17136347400,539
57193027820,540
7409879911,540
56029648000,540
57218886189,541
57192247939,541
6701777223,541
8448666000,541
56315330500,542
16177635300,542
16178649400,542
55130094700,543
16178649400,543
55912340300,544
57201864184,544
10639679200,544
16178649400,544
34874297000,544
57193356353,545
56830076500,545
57200371154,545
57200363612,545
57190794386,546
7006441571,546
24333330300,546
12142543700,546
57118455800,547
7401431037,547
56331127200,548
57197737083,548
56830076500,548
57200690449,549
35597296700,549
57204031131,550
57204029674,550
6602649851,550
56830076500,550
57204032253,550
35269204800,550
57203433787,551
8621794000,551
23569552400,552
57201393186,553
57201397713,553
8621794000,553
57192697616,554
8621794000,554
57201367093,555
6602649851,555
48361087900,556
7003381644,556
56417117600,557
57193574682,557
57212103171,557
57215366913,557
57203240784,557
57215344746,557
57212104028,557
6601908155,557
7003445799,557
7005636820,558
57213476529,558
7006111578,558
26642910500,559
57205629789,560
55812232700,560
57191156976,561
8929123100,561
16313800700,562
57205285400,562
57205292526,562
57164754700,562
56532087700,562
57145797800,563
36944158600,563
57204896057,564
55161739600,564
57204902069,565
55161739600,565
23093686000,566
57195066838,567
7005513246,567
7005411524,567
23093686000,568
55855376400,569
56830076500,569
57203179871,570
55727966500,570
8244752200,570
57188711588,571
57200118672,571
57164754700,571
57200117120,571
57200118993,571
57200121629,571
16313800700,571
57118455800,572
18535712500,572
24295291100,572
7102879142,572
7401431037,572
57193720916,573
24295291100,573
57118455800,573
7401431037,573
57204692730,574
7202083837,574
35147940600,575
57207688964,575
57207687563,575
57200077532,576
57200077021,576
57200077390,576
57207692990,576
57207687950,576
35508257500,576
57207689986,577
57207688651,577
57207695326,577
57207687041,577
57207686191,578
57207685496,578
57207687043,578
8608718200,579
56584019300,579
57209637810,579
56714263700,579
56790117900,580
57211516485,580
56330970800,581
57190247942,581
57197791798,581
57188833818,581
6701720294,581
57211516485,581
57197791798,582
57204762755,582
56830076500,582
6701720294,582
57203978933,583
6701720294,583
7403218372,583
57211516485,583
57197773578,584
57204761536,584
7004300863,584
8421746800,584
56353116200,585
7004300863,585
57197765353,585
6603717022,585
57204728159,586
7403218372,586
7006441571,586
57204719691,587
57204719621,587
7403218372,587
57189235340,588
57197733505,588
57197728435,588
7003292762,588
56584019300,589
57201366662,589
57201358872,589
56714263700,589
8608718200,589
57190858572,590
35508257500,590
6701646284,591
16313800700,591
57205292526,591
57205285400,591
57204435650,591
56532087700,591
57204415715,591
35175200200,592
7005513246,592
56196521900,593
55649569259,593
35597296700,593
7003663333,594
55665473200,594
57193610705,594
57201357657,595
6602649851,595
23027991800,595
15833172400,596
8621794000,596
57201397713,596
57201357657,597
6602649851,597
36618663400,597
15848771600,598
57190247942,598
57197791798,598
6701720294,598
57211516485,598
15848771600,599
57190247942,599
57197791798,599
6701720294,599
57211516485,599
57194636792,600
55916540700,600
57196484337,600
7403218372,600
6701720294,600
57211516485,600
57207228951,601
7004435321,601
57193727615,602
7004435321,602
56149906900,603
56662711400,603
56740595400,603
7402549729,604
57202088821,604
56300864300,605
57190492863,605
6602649851,605
18042274300,605
7403368068,606
57202916476,606
7201389702,606
16245460000,606
57202920062,606
57202911672,606
6602761720,606
56709364700,607
56387524600,607
57201484423,607
57194155925,607
57195398251,607
16422844400,607
7102975249,607
56709287700,608
57202735625,608
56709364700,608
55698505100,608
16422844400,608
7102975249,608
57202607598,609
7003663333,609
57196353469,610
38061138100,610
7003663333,610
57202585105,611
24081598300,611
7003663333,611
57202572948,611
7003663333,612
57193610705,612
55898266700,612
55315026400,613
57202580740,613
8724084200,614
7403085570,614
14621428300,614
8667231600,614
24382111400,614
18535712500,615
57201634652,615
57203221999,615
46062451500,615
57191952713,616
8621794000,616
36682113800,616
56300864300,617
6602649851,617
18042274300,617
7003498769,618
7202083837,618
36987999600,619
7003868048,619
7202083837,619
56036628100,620
16033650300,620
36953700600,620
12761902000,620
57188755995,621
56897186700,621
7005044056,621
8660143800,621
56560099200,622
57202738247,622
9277159100,622
15766049500,623
10141271600,623
6506328689,623
55359090100,623
7202538835,623
15044701600,623
56857577200,624
55359090100,624
10141271600,624
6506328689,624
15044701600,624
55502104200,624
6506328689,625
57203330644,625
10141271600,625
55848648600,625
55359090100,625
55502104200,625
15044701600,625
56256103500,626
10141271600,626
6506328689,626
15766049500,626
55359090100,626
7202538835,626
15044701600,626
55252859600,627
8621794000,627
23012466600,628
35508257500,628
35578707100,628
9277159100,629
8533888200,629
57207365951,629
6603042352,629
6506484066,629
56263632000,630
7004904337,630
56263145300,630
7103222266,630
15069700700,631
7005531426,631
57203180502,631
15843313300,631
57203186135,631
57203188461,631
57203192544,631
55182745600,632
7003663333,632
57195292516,632
19934211900,632
6603866674,632
57202577089,633
6505761847,633
36125615300,633
7003663333,633
57188833818,634
16229559200,634
10639679200,635
36625254200,635
34874297000,635
57201333744,635
55912340300,635
35479684000,635
16178649400,635
56740595400,636
56149906900,636
56328064900,636
56662711400,636
57191616632,637
18535712500,637
57200884469,637
7202713087,637
57191616632,638
57200884469,638
18535712500,638
7202713087,638
7003381644,639
57202152391,639
7003609448,639
57197521815,639
57201658993,639
7004347500,639
7007155092,639
55286783200,639
57120014600,639
6602913811,639
55452524500,639
57212833949,639
57206024435,639
6507270351,639
6602305778,639
56218368600,640
55837442300,640
10141271600,640
6506328689,640
7202751866,640
6506010179,640
35873737200,640
26427694400,641
37113017300,641
57190256209,641
16313800700,641
55919211300,641
57202785989,642
56020026900,642
34874297000,642
10639679200,642
16178649400,642
57202743127,643
36162907100,643
57202741808,643
57007514800,643
8410729500,643
16043812000,643
54782837300,644
8048702500,644
7004435321,644
57207228809,644
7005521036,644
36149254500,645
57191155872,645
56681156600,645
6603570606,645
57203028829,645
35088650000,645
7402786794,645
56244640900,646
55161739600,646
57204902241,646
57204903122,646
55543519800,646
56237456900,646
57200649104,646
57208645178,646
56890778700,647
57207365951,647
56094587000,647
9277159100,647
56890178400,647
55806548500,647
56890669600,647
8533888200,647
36082483100,648
57217723923,649
50262207100,649
55812232700,649
6602335448,649
7006253705,649
56797372300,650
57190380741,650
7102402058,650
7103248108,650
42261332500,650
56397285100,650
56542307500,650
34168247900,651
57194787481,651
57203298908,651
56380927900,651
7006542177,651
7003381644,651
35562442700,651
36082483100,652
57189026693,652
36082483100,653
57189026693,653
7003663333,654
57202626673,654
57202627167,654
57202627912,654
57202627263,654
57202627050,654
16021781200,654
36082483100,655
7004403207,655
56631537800,656
56528475200,656
56182798800,656
7201529681,656
55801905300,656
55801836400,656
57201111301,656
57201111988,656
14620010300,656
8674222900,656
12799657800,656
57003792300,657
57194205673,657
24492691800,657
57201290781,657
7406665619,657
55601054600,657
8208317300,657
36082483100,658
57207980336,658
57207994872,658
6602512004,659
35320703200,659
7402095346,659
7006106739,659
7201778289,659
7201978585,659
54684688700,659
57023282300,659
55598549000,659
57210198577,659
7402288130,659
25958165500,659
8362122100,659
6701580763,659
7203069877,659
7003915889,659
55776361200,660
37664688000,660
57205556489,660
8691490200,660
55628341300,660
57201125120,660
47461179000,660
25930868900,660
57194639611,660
8717447000,660
57194638369,660
55832864500,660
6701774874,660
55910450300,660
57207550410,660
6603383055,660
9741422500,660
35236206700,660
7005089148,660
57202326782,660
55979578600,660
7401764127,660
7404062227,660
7103269626,660
7103321645,660
7005251917,660
9745660700,660
6507586174,660
7103065698,660
57203234366,660
7202910012,660
9236660300,660
57195976340,660
54899597300,660
57201121062,660
6701851503,660
7102905437,660
36044041500,660
57202194800,660
8517650500,660
6701387944,660
7403220237,660
57201212051,661
23060352300,661
57190402922,662
36176552000,662
7006542177,662
55258864700,663
7005371369,663
7006085792,663
6603410853,663
55665625900,663
24335536400,664
56248593800,664
48361087900,665
57196261400,665
7003381644,665
40561545600,666
7006001488,666
24333330300,666
7006441571,666
12142543700,666
6701752452,667
57200248178,667
56148594700,668
8705255200,668
6602577617,668
57207901363,668
7402967162,669
57196000820,669
57195995765,669
55649569259,669
35597296700,669
6507412888,670
57204229694,670
7004450337,670
56244956300,671
26640997500,671
55315026400,671
6604032598,671
25522430900,671
7402004420,672
6602231941,672
57197730899,672
7101816438,672
56810920600,672
55764744500,673
6701746882,673
6603077820,673
48361087900,674
7003381644,674
57217339723,675
55813139600,675
57140193000,676
57197733358,676
57003496300,676
35209941000,676
57190384916,677
7005253700,677
7004060735,677
9942259800,677
36011148100,678
56155127800,678
6506311950,678
55212512700,678
57203028829,678
7402786794,678
55588035200,679
6601908155,679
7003445799,679
57196086981,680
55981276700,680
57190261034,680
57196097542,680
57196096093,680
57196088013,680
57196086109,680
57190252027,680
55456759700,680
56248593800,681
55130094700,682
56315330500,682
57202280527,682
57202283319,682
16178649400,682
57198318094,683
35195145200,683
57196275913,683
57196277369,683
57211422454,683
57192941583,684
55171433700,684
23569552400,684
6603945025,684
55171433700,685
55249877500,685
57200860487,685
57190228554,686
7102879142,686
9277159100,686
57191256797,687
55727966500,687
8244752200,687
6602572190,687
56703308500,688
13605498800,688
56353116200,689
7004300863,689
56716068400,689
57203230997,689
57191031931,690
37098602100,690
56957771800,690
56424241200,690
6701695863,690
7006631262,690
56404157200,690
7003292762,690
7005836251,691
57195596864,692
57195596391,692
57195598039,692
57195595627,692
57195600276,692
57031187500,693
57195427378,693
7006111578,693
7005636820,693
57190797086,694
57193015007,694
40561545600,694
57193015157,694
57193016069,694
57190794386,694
24333330300,694
12142543700,694
7006001488,694
7006441571,694
55859152500,695
34874038200,695
56433927200,695
34873482400,695
57191822951,696
57188654880,696
56830076500,696
24081319400,697
57202064143,698
57193435113,698
57193430035,698
7102985794,698
57192662939,698
57193433048,698
57192660307,698
57193429691,698
57193431261,698
7402658393,698
57194636792,699
55916540700,699
7403218372,699
6701720294,699
57211516485,699
56300864300,700
56830076500,700
57193356353,700
57192964074,700
57193360481,700
57193362917,700
6602649851,700
18042274300,700
55780846900,701
57193911152,701
55674595800,701
56390719200,701
7102503611,701
57190974399,701
6508339625,701
57213262958,701
6506674242,701
54410814200,702
56716946800,702
8231832400,702
6506645565,702
14035040300,702
10040303000,702
55949256500,703
56875349800,703
36106810300,703
56875089300,703
57198431633,703
57198450286,703
57198443855,703
57198451372,703
54911216200,703
57195332895,703
14822519000,703
7101816438,704
6602231941,704
55212512700,705
56681156600,705
56315352000,705
56680505500,705
57203028829,705
56492379200,706
57195398251,706
56709476900,706
56387524600,706
16422844400,706
7102975249,706
14033673100,707
57197795830,707
57192307368,707
57197800472,707
57197797367,707
57217482839,707
55949256500,708
36106810300,708
56453304300,708
57194875876,708
7005666650,708
14822519000,708
57191108291,709
57207901363,709
6507391043,709
35186389400,710
7406552522,710
7006715937,710
57192595504,710
7101643443,710
55511230900,710
7003381644,710
7202083837,711
24465414600,711
26644144000,711
55547115089,711
7202083837,712
55547115089,712
24465414600,712
26644144000,712
55710750200,712
57193564939,713
54399816500,713
55726346900,713
55585953300,713
24295291100,713
8935514400,713
56762988100,713
7401969039,713
7006214218,714
57194392244,714
9845705900,714
7004929818,714
57194379165,714
57207901363,714
6603325558,714
56300864300,715
56830076500,715
35269204800,715
6603040755,715
57192964074,715
57192955909,715
57192959498,715
57192961253,715
57197710678,716
35562442700,716
57188688103,717
57188691775,717
36349287300,717
57195420301,718
7401970125,718
36349287300,718
57195420301,719
7401970125,719
36349287300,719
57195596864,720
57195596391,720
57195598039,720
57195595627,720
57195600276,720
56957771800,721
57204469757,721
7103395611,721
24831334500,721
25639041400,721
7003292762,721
7103395611,722
18038642000,722
57208709468,722
57208710317,722
57208709846,722
57170532300,722
57208702517,722
57208707588,722
57208707585,722
6508147112,722
57208706948,722
57204469757,722
7003292762,722
57021948900,723
56830076500,723
56371366400,724
55078951500,724
57202818911,724
57215280005,724
6602958570,724
7102523474,724
57214010282,725
57189351639,725
57194697486,725
57194698845,725
7007046711,725
6701610428,725
7410190129,725
57194141209,726
55171433700,726
23569552400,726
57202818911,727
56371366400,727
55376424100,727
55078951500,727
6602958570,727
7006440923,727
14057706900,727
7102523474,727
56371366400,728
57202818911,728
55376424100,728
55078951500,728
6602958570,728
7006440923,728
14057706900,728
7102523474,728
57195317234,729
16178649400,729
7102534973,730
26427435500,730
36602439100,730
6701755273,731
55171433700,732
23569552400,732
57195962821,733
6507659000,733
35262249500,734
57193603847,734
57195962037,734
57195964820,734
57195961036,734
57195964763,734
57195961251,734
35262249500,735
57193603847,735
7006372151,736
57203028829,736
23569552400,737
55672496100,737
35413539100,737
13607032600,738
6507028828,738
57190806425,738
36536647200,738
26427435500,738
57198919773,739
54787829800,739
7003663333,739
56681156600,740
55511230900,740
56680505500,740
56315352000,740
55212512700,740
57191156976,740
7003381644,740
57203028829,740
56672834700,741
56830076500,741
6603625990,741
57193008289,742
7005836251,742
35209941000,742
7004300863,743
55858031100,743
57192816311,743
55550262000,744
36167063600,744
55550264900,744
7006420570,744
57192156100,745
9942259800,745
36675881600,745
55911870000,745
35366248300,745
18535712500,746
57200884469,746
57193845336,746
57203221999,746
57193533805,746
23983490300,746
55855376400,747
56830076500,747
57203486012,748
55359526600,748
26323686000,748
12142543700,748
8705255200,748
7006583274,748
56492379200,749
57194162490,749
56709287700,749
57194158491,749
57194155925,749
16422844400,749
7102975249,749
35182844400,750
57217654846,750
57192893058,750
56492379200,750
56709364700,750
55544941800,750
7202812767,750
6603907334,750
7402407628,750
7102975249,750
16422844400,750
7103123753,750
55945072200,751
55944583700,751
7102857304,751
56755464700,752
35099253600,752
7005523706,752
57031532600,752
8448666000,753
6701777223,753
57218886193,753
23003484200,754
18535712500,754
26321508500,754
7003587356,754
56364369100,755
57202367046,755
57193409777,755
57193401477,755
56896749800,755
55877167500,755
56247393100,755
7404963860,755
37105487900,755
7403361614,755
52663627000,755
14321763900,755
57191587072,756
24295291100,756
12142543700,756
7003587356,756
57195340095,756
7004495126,756
12778890800,756
57194047397,757
57193099661,757
57208823236,757
57194047820,757
57213462935,757
35587077000,757
57212277009,757
57194047397,758
55938156500,758
57193099661,758
57194061052,758
57208823236,758
57213462935,758
57194047820,758
56080900100,758
57196655805,758
35587077000,758
57212277009,758
15831070600,759
35615891900,759
56331127200,759
12646129300,760
55812232700,760
36933855300,760
7006253705,760
55812858700,760
57203178543,760
57192307368,761
14033673100,761
15848771600,762
56677251600,762
6701720294,762
57211516485,762
7403131979,763
7103186661,763
7202711709,763
39862017300,763
56330168500,764
57194015684,764
9942259800,764
57194006378,764
35316779800,764
6508342170,764
35175200200,765
7005513246,765
57189227384,766
19639917400,766
57189219942,766
7005513246,766
57193266780,767
35508257500,767
9277159100,768
56941526100,768
56710953300,769
26642910500,769
7005883030,769
36459611200,770
7402074463,770
55194109800,771
7004834766,771
8660143800,771
57192106462,772
57193564939,772
54399816500,772
56012868500,772
55726346900,772
24295291100,772
8935514400,772
57190189579,773
56755464700,773
57031532600,773
7005523706,773
8372868700,773
55946345200,773
55574195279,774
56608873500,774
56608333500,774
7004980415,774
8048702500,775
7004435321,775
6506269903,775
23134948300,775
7004615647,775
14822519000,776
36106810300,776
23973526000,776
56369566500,776
57193265581,776
24921842300,777
55034648400,777
8448666000,777
25222495900,777
6601987763,777
7004441442,777
57118455800,778
7401431037,778
48361087900,779
7003381644,779
57190000029,780
55953141600,780
51461758000,781
56825569600,781
35562442700,781
57145797800,782
7005903021,782
36944158600,782
56556056000,783
26642910500,783
12808778700,783
36240601900,784
57189030360,784
16027856900,784
7003381644,784
24177939700,785
35213554500,785
23012861700,785
55444802600,785
7004450337,785
56709476900,786
56709364700,786
55326050200,786
56492379200,786
57002749600,786
7102975249,786
16422844400,786
57212184217,787
56709364700,787
7102975249,787
16422844400,787
57189292901,788
7006542177,788
36137344800,789
7102857304,789
55486520500,790
6602649851,790
56950317400,791
15521557600,791
57203836305,792
55813139600,792
57209397116,793
57193574682,793
55588035200,793
57212103171,793
57212209717,793
57203240784,793
57191997521,793
57203247682,793
6601908155,793
7003445799,793
56824897200,794
35562442700,794
57200659857,795
57187178400,796
55161739600,797
57200641848,797
57117361200,798
55161739600,798
57192010162,799
55161739600,799
57214281810,800
35508257500,800
55944583700,801
55945072200,801
56896919700,801
55945088000,801
7102857304,801
57202648414,802
57192643299,802
57200206301,802
7102857304,802
57188753800,803
57202642302,803
7102857304,803
57188755995,804
7102857304,804
8660143800,804
55235047300,805
57191474405,805
57191477766,805
57205589719,805
8725937600,805
7005654753,805
56701050600,805
56514586700,805
57202088821,806
7402549729,806
7202083837,807
57126129700,807
57125618000,807
56680952700,808
57192643299,809
57195419580,809
57200206301,809
7102857304,809
57200206301,810
57192643299,810
57195419580,810
57200206650,810
57200203866,810
7102857304,810
57200201882,811
7202518970,811
57195419580,812
57200201106,812
57200819002,812
57192643299,812
57200206301,812
7102857304,812
57200205435,813
7202518970,813
57200201511,814
7202518970,814
57197791798,815
6701720294,815
57211516485,815
57189243866,816
56330970800,816
6701720294,816
56790117900,817
57190247942,817
57211516485,817
57197773578,818
7004300863,818
57192943554,819
57197765649,819
7004300863,819
8421746800,819
57195290099,820
7202518970,820
57193749678,821
6701863708,821
55457444300,821
55764401200,822
55457444300,822
6701863708,822
8608718200,822
57191918589,823
57191921086,823
57191923986,823
7003292762,823
57189235340,824
7003292762,824
56463982900,825
55457444300,825
6701863708,825
7006120837,826
7004848095,826
57196471974,826
57196475822,826
57196468765,826
57192318731,826
35562442700,827
55660173800,828
57193903292,828
6701876192,828
57193902758,828
57193895552,828
57193900229,828
7003381644,828
57208928114,829
55727966500,829
8244752200,829
55354928800,830
24402340500,830
7410171017,831
57195720669,831
57195718233,832
34868658300,832
7410171017,832
57190859038,833
6602649851,833
23027991800,833
57189375802,834
57203222139,834
56156055700,834
9277159100,834
57200576069,835
10540655600,835
36924577900,835
55541477400,835
7103248108,835
57191952713,836
57188658434,836
8621794000,836
56245452300,836
36682113800,836
35310092900,836
57194787481,837
7006542177,837
35562442700,837
34168247900,837
55315026400,838
55665473200,838
56559677100,838
57194576753,838
57194162490,839
56492379200,839
56709287700,839
57194155925,839
57194158491,839
16422844400,839
7102975249,839
55326050200,840
56709364700,840
55326143600,840
55247719300,840
7102975249,840
16422844400,840
57212184217,841
57213582934,841
56709364700,841
7102975249,841
16422844400,841
7201793184,842
7406665619,842
24824356000,842
56559765400,843
7003663333,843
23009691800,843
57191416025,844
57192545746,844
57192573362,844
51461952600,844
9277159100,844
6701925700,845
56299790500,845
7003959730,845
57201704300,846
57171695300,846
7101671848,846
7202083837,847
56680952700,847
7003498769,847
36987999600,848
7003868048,848
7202083837,848
57188755995,849
57200204063,849
7005044056,849
8660143800,849
56559548600,850
7102857304,850
57200200833,851
57200207993,851
7202035366,851
7102857304,851
56748981000,852
6701720294,852
57211516485,852
8922674200,853
56577146500,853
57188764210,853
6701720294,853
57211516485,853
15848771600,854
56677251600,854
6701720294,854
57211516485,854
57190247942,855
15848771600,855
6701720294,855
57211516485,855
15848771600,856
57211516485,856
55632390400,857
35489877400,857
57203030537,857
57193322440,858
56800225200,858
23388379100,858
8608718200,858
57023931200,859
6602776615,859
24830555500,859
56941526100,859
9277159100,859
55326050200,860
57217654846,860
37052385600,860
7102975249,860
16422844400,860
56256103500,861
10141271600,861
6506328689,861
55848648600,861
55359090100,861
13410345300,861
55502104200,861
15044701600,861
6506328689,862
57194859276,862
10141271600,862
56218368600,862
55837442300,862
7202751866,862
35873737200,862
55693760600,863
10141271600,863
6506328689,863
55359090100,863
15044701600,863
10141271600,864
56218368600,864
55837442300,864
6506328689,864
57194853790,864
35873737200,864
7202751866,864
6506010179,864
55359090100,865
56857577200,865
10141271600,865
6506328689,865
15044701600,865
35578275000,865
26658095100,866
56362659400,866
57193867023,866
6506736843,866
8660143800,866
56913378600,867
56086163900,867
57191407630,867
7006441571,867
7403218372,867
57201909948,868
35344727500,868
35408719100,868
55807632000,868
7005513246,868
7003663333,869
57194116428,869
55932655400,869
6701753933,870
55722439300,870
9942259800,870
56559548600,871
7102857304,871
6507743831,872
57200884469,872
18535712500,872
8624941100,872
57191616632,873
57200884469,873
18535712500,873
7202713087,873
57197765353,874
7004300863,874
35994294500,874
24758929200,874
57202394793,875
56587519900,875
12797217700,876
6602247507,876
7403218372,876
25628175700,876
6602191934,877
57193878725,877
7004507225,877
7201511283,877
26427694400,878
37113017300,878
57190256209,878
16313800700,878
55919211300,878
55315026400,879
57209165874,879
7202842875,879
57193807582,879
57194008450,879
9277159100,879
57193811936,879
26538762200,880
7003702751,880
16178649400,880
9636293200,880
57192710054,881
6701720294,881
57211516485,881
57202040530,881
23006267900,881
7004002400,882
7202361029,882
7007170899,882
7005725911,882
55812232700,883
56024800300,883
7006253705,883
57203269936,883
57191587072,884
57191570988,884
24295291100,884
12142543700,884
7003587356,884
57195340095,884
7004495126,884
12778890800,884
18535712500,885
7402648240,885
35380198000,885
57200884469,885
57200723881,885
7202083837,886
57126129700,886
57125618000,886
57192908187,886
7003868048,886
36987999600,886
6603263001,886
26325009000,886
7003498769,886
55710750200,886
57200884469,887
18535712500,887
57203221999,887
57193533805,887
23983490300,887
57200730646,887
56316070300,888
37057761700,888
35792700800,888
16053936800,888
16178649400,888
56830082600,888
7201389702,889
7401698226,889
8702836000,889
7005306331,889
7102554886,889
35854537900,889
